<persons>
    <person fl="1">
         <id> 1</id>
        <name> John Doe</name>
        <address>
            <flat></flat>
            <house>38</house>
            <road>3</road>
            <area>Banani</area>
            <city>Dhaka</city>
        
        </address>
        <department>Sales</department>
        <salary>$20000  </salary>
    </person>
        <person fl="2">
         <id> 2</id>
        <name> Mark Zuckerberg</name>
        <address>
              <flat>egreg</flat>
            <house>H#383332</house>
            <road>R#32323</road>
            <area>Mirpur</area>
            <city>Dhaka</city>
        
        </address>
        <department>Accounts</department>
        <salary>$2000033  </salary>
    </person>
        <person fl="3">
         <id> 3</id>
        <name> Ala Voski</name>
        <address>
              <flat>tewg</flat>
            <house>H#328</house>
            <road>R#31</road>
            <area>Motijeel</area>
            <city>Dhaka</city>
        
        </address>
        <department>Sales</department>
        <salary>$20000  </salary>
    </person>    
    </persons>