<products>
    <product pr="1">
         <id> 11</id>
        <name> Samsung</name>
        <unit_price> 35000</unit_price>
        <stock>50</stock>
        <status>1  </status>
    </product>
    <product pr="2">
         <id> 20</id>
        <name> HTC</name>
        <unit_price> 653000 </unit_price>
        <stock>35</stock>
        <status>0 </status>
    </product>
    <product pr="3">
         <id> 23</id>
        <name> Nolia</name>
        <unit_price> 25100 </unit_price>
        <stock>100</stock>
        <status>1</status>
    </product>
</products>